intercept,coefficient
-8.330358383775767,0.07711717775213182
